"HostName","URI","Author","Date","LogonType","State","UserId","Actions","Triggers","LastRunTime","LastTaskResult","NextRunTime","NumberOfMissedRuns","Error"
"DC-SRV01","\CreateExplorerShellUnelevatedTask","ExplorerShellUnelevated",,"Interactive (User Must be logged in)","Enabled","Administrator","{'Arguments':'/NoUACCheck','Execute':'C:\\Windows\\Explorer.EXE'}","{'Enabled':true,'Id':'CreateExplorerShell_Trigger','Repetition':{'StopAtDurationEnd':false}}","11/11/2024 11:45:45 AM","267009",,"0",
"DC-SRV01","\MicrosoftEdgeUpdateTaskMachineCore1d9f57c5d479c98",,,"Local Service/System or Network Service","Enabled","SYSTEM","{'Arguments':'/c','Execute':'C:\\Program Files (x86)\\Microsoft\\EdgeUpdate\\MicrosoftEdgeUpdate.exe'}","[{'Enabled':true,'Repetition':{'StopAtDurationEnd':false}},{'DaysInterval':1,'Enabled':true,'Repetition':{'StopAtDurationEnd':false},'StartBoundary':'2024-11-11T01:54:26'}]","11/15/2024 2:29:29 AM","267009","11/16/2024 1:54:54 AM","0",
"DC-SRV01","\MicrosoftEdgeUpdateTaskMachineUA",,,"Local Service/System or Network Service","Enabled","SYSTEM","{'Arguments':'/ua /installsource scheduler','Execute':'C:\\Program Files (x86)\\Microsoft\\EdgeUpdate\\MicrosoftEdgeUpdate.exe'}","{'DaysInterval':1,'Enabled':true,'Repetition':{'Duration':'P1D','Interval':'PT1H','StopAtDurationEnd':false},'StartBoundary':'2024-11-11T01:24:26'}","11/15/2024 2:29:29 AM","0","11/15/2024 3:24:24 AM","0",
"DC-SRV01","\[GPO] Change DC Pref","earth\Administrator",,"Local Service/System or Network Service","Enabled","SYSTEM","[{'Arguments':'/SC_RESET:corp.lo\\dc42.corp.lo','Execute':'nltest'},{'Arguments':'-nop -exec bypass -Command \'Get-NetAdapter | Set-DnsClientServerAddress -ServerAddresses (\u00271.2.3.4\u0027, \u00275.6.7.8\u0027)\'','Execute':'powershell.exe'},{'Arguments':'/C \'hostname \u003e C:\\schtask.log\'','Execute':'cmd'}]","{'Enabled':true,'EndBoundary':'2024-11-15T02:30:30','Repetition':{'StopAtDurationEnd':false},'StartBoundary':'2024-11-15T02:29:35'}","11/15/2024 2:29:29 AM","0",,"0",
"DC-SRV01","\Microsoft\Windows\Server Initial Configuration Task","$(@%systemroot%\system32\SrvInitConfig.exe,-100)",,"Local Service/System or Network Service","Disabled","SYSTEM","{'Arguments':'/disableconfigtask','Execute':'%windir%\\system32\\srvinitconfig.exe'}","{'Enabled':true,'Repetition':{'StopAtDurationEnd':false}}","10/2/2023 6:28:28 AM","0",,"0",
"DC-SRV01","\Microsoft\Windows\.NET Framework\.NET Framework NGEN v4.0.30319",,"2010-09-30T14:53:37.9516706","Local Service/System or Network Service","Enabled","SYSTEM","{'ClassId':'{84F0FAE1-C27B-4F6F-807B-28CF6F96287D}','Data':'/RuntimeWide'}","[]","11/15/2024 2:29:29 AM","0",,"0",
"DC-SRV01","\Microsoft\Windows\.NET Framework\.NET Framework NGEN v4.0.30319 64",,"2010-09-30T14:53:37.9516706","Local Service/System or Network Service","Enabled","SYSTEM","{'ClassId':'{429BC048-379E-45E0-80E4-EB1977941B5C}','Data':'/RuntimeWide'}","[]","11/15/2024 2:29:29 AM","0",,"0",
"DC-SRV01","\Microsoft\Windows\.NET Framework\.NET Framework NGEN v4.0.30319 64 Critical",,"2010-09-30T14:53:37.9516706","Local Service/System or Network Service","Disabled","SYSTEM","{'ClassId':'{613FBA38-A3DF-4AB8-9674-5604984A299A}','Data':'/RuntimeWide'}","{'Enabled':true,'Repetition':{'StopAtDurationEnd':false}}","10/2/2023 7:26:26 AM","0",,"0",
"DC-SRV01","\Microsoft\Windows\.NET Framework\.NET Framework NGEN v4.0.30319 Critical",,"2010-09-30T14:53:37.9516706","Local Service/System or Network Service","Disabled","SYSTEM","{'ClassId':'{DE434264-8FE9-4C0B-A83B-89EBEEBFF78E}','Data':'/RuntimeWide'}","{'Enabled':true,'Repetition':{'StopAtDurationEnd':false}}","10/2/2023 7:26:26 AM","0",,"0",
"DC-SRV01","\Microsoft\Windows\Active Directory Rights Management Services Client\AD RMS Rights Policy Template Management (Automated)","Microsoft Corporation","2006-11-10T14:29:55.5851926","Group","Disabled",,"{'ClassId':'{CF2CF428-325B-48D3-8CA8-7633E36E5A32}'}","[{'DaysInterval':1,'Enabled':true,'Id':'7dba1862-fdda-4030-83de-895375c111d4','RandomDelay':'PT1H','Repetition':{'StopAtDurationEnd':false},'StartBoundary':'2006-11-09T03:00:00'},{'Delay':'PT1H','Enabled':true,'Id':'06b3f632-87ad-4ac0-9737-48ea5ddbaf11','Repetition':{'StopAtDurationEnd':false}}]","11/30/1999 12:00:00 AM","267011","11/15/2024 3:15:15 AM","0",
"DC-SRV01","\Microsoft\Windows\Active Directory Rights Management Services Client\AD RMS Rights Policy Template Management (Manual)","Microsoft Corporation","2006-11-10T14:29:55.5851926","Group","Enabled",,"{'ClassId':'{BF5CB148-7C77-4D8A-A53E-D81C70CF743C}'}","{'Delay':'PT1H','Enabled':false,'Id':'06b3f632-87ad-4ac0-9737-48ea5ddbaf11','Repetition':{'StopAtDurationEnd':false}}","11/30/1999 12:00:00 AM","267011",,"0",
"DC-SRV01","\Microsoft\Windows\AppID\EDP Policy Manager","Microsoft Corporation","2015-02-09T10:54:13.9629482","Local Service/System or Network Service","Enabled","LOCAL SERVICE","{'ClassId':'{DECA92E0-AF85-439E-9204-86679978DA08}','Data':'EdpPolicyManager'}","[{'Enabled':true,'Repetition':{'StopAtDurationEnd':false}},{'Enabled':true,'Repetition':{'StopAtDurationEnd':false}}]","11/30/1999 12:00:00 AM","267011",,"0",
"DC-SRV01","\Microsoft\Windows\AppID\PolicyConverter","Microsoft Corporation",,"Local Service/System or Network Service","Disabled","SYSTEM","{'Execute':'%windir%\\system32\\appidpolicyconverter.exe'}","[]","11/30/1999 12:00:00 AM","267011",,"0",
"DC-SRV01","\Microsoft\Windows\AppID\VerifiedPublisherCertStoreCheck","Microsoft Corporation",,"Local Service/System or Network Service","Disabled","LOCAL SERVICE","{'Execute':'%windir%\\system32\\appidcertstorecheck.exe'}","{'Delay':'PT30M','Enabled':true,'Repetition':{'Interval':'P1D','StopAtDurationEnd':false}}","11/30/1999 12:00:00 AM","267011",,"0",
"DC-SRV01","\Microsoft\Windows\Application Experience\Microsoft Compatibility Appraiser","Microsoft Corporation",,"Local Service/System or Network Service","Enabled","SYSTEM","{'Execute':'%windir%\\system32\\compattelrunner.exe'}","[{'Enabled':true,'Id':'NightlyTrigger','RandomDelay':'PT2H','Repetition':{'Interval':'P1D','StopAtDurationEnd':false},'StartBoundary':'2008-09-01T03:00:00'},{'Enabled':true,'Id':'OobeTrigger','Repetition':{'StopAtDurationEnd':false}},{'Enabled':false,'Id':'NetworkTrigger','Repetition':{'StopAtDurationEnd':false}}]","11/15/2024 2:29:29 AM","0","11/15/2024 4:58:58 AM","0",
"DC-SRV01","\Microsoft\Windows\Application Experience\PcaPatchDbTask","Microsoft Corporation",,"Local Service/System or Network Service","Enabled","SYSTEM","{'Arguments':'%windir%\\system32\\PcaSvc.dll,PcaPatchSdbTask','Execute':'%windir%\\system32\\rundll32.exe'}","{'Enabled':true,'RandomDelay':'PT2H','Repetition':{'Interval':'PT12H','StopAtDurationEnd':false},'StartBoundary':'2008-09-01T03:00:00'}","11/15/2024 2:29:29 AM","0","11/15/2024 4:33:33 AM","0",
"DC-SRV01","\Microsoft\Windows\Application Experience\ProgramDataUpdater","Microsoft Corporation",,"Local Service/System or Network Service","Enabled","SYSTEM","{'Arguments':'-maintenance','Execute':'%windir%\\system32\\compattelrunner.exe'}","[]","11/15/2024 2:29:29 AM","0",,"0",
"DC-SRV01","\Microsoft\Windows\Application Experience\StartupAppTask","Microsoft Corporation",,"Group","Enabled",,"{'Arguments':'Startupscan.dll,SusRunTask','Execute':'%windir%\\system32\\rundll32.exe'}","[]","11/15/2024 2:29:29 AM","0",,"0",
"DC-SRV01","\Microsoft\Windows\ApplicationData\appuriverifierdaily","Microsoft Corporation",,"Group","Enabled",,"{'Execute':'%windir%\\system32\\AppHostRegistrationVerifier.exe'}","[]","11/15/2024 2:29:29 AM","0",,"0",
"DC-SRV01","\Microsoft\Windows\ApplicationData\appuriverifierinstall","Microsoft Corporation",,"Group","Enabled",,"{'Execute':'%windir%\\system32\\AppHostRegistrationVerifier.exe'}","{'Enabled':true,'Id':'DelayedTrigger','Repetition':{'StopAtDurationEnd':false}}","11/30/1999 12:00:00 AM","267011",,"0",
"DC-SRV01","\Microsoft\Windows\ApplicationData\CleanupTemporaryState","Microsoft Corporation",,"Local Service/System or Network Service","Enabled","SYSTEM","{'Arguments':'Windows.Storage.ApplicationData.dll,CleanupTemporaryState','Execute':'%windir%\\system32\\rundll32.exe'}","[]","11/11/2024 1:19:19 AM","0",,"0",
"DC-SRV01","\Microsoft\Windows\ApplicationData\DsSvcCleanup","Microsoft Corporation",,"Local Service/System or Network Service","Enabled","SYSTEM","{'Execute':'%windir%\\system32\\dstokenclean.exe'}","[]","11/15/2024 2:29:29 AM","0",,"0",
"DC-SRV01","\Microsoft\Windows\AppxDeploymentClient\Pre-staged app cleanup",,,"Local Service/System or Network Service","Disabled","SYSTEM","{'Arguments':'%windir%\\system32\\AppxDeploymentClient.dll,AppxPreStageCleanupRunTask','Execute':'%windir%\\system32\\rundll32.exe'}","{'Delay':'PT1H','Enabled':true,'Repetition':{'StopAtDurationEnd':false}}","10/17/2023 6:44:44 AM","0",,"0",
"DC-SRV01","\Microsoft\Windows\Autochk\Proxy","Microsoft Corporation",,"Local Service/System or Network Service","Enabled","SYSTEM","{'Arguments':'/d acproxy.dll,PerformAutochkOperations','Execute':'%windir%\\system32\\rundll32.exe'}","{'Delay':'PT30M','Enabled':true,'Id':'AutochkProxy','Repetition':{'StopAtDurationEnd':false}}","11/11/2024 12:29:29 PM","0",,"0",
"DC-SRV01","\Microsoft\Windows\BitLocker\BitLocker Encrypt All Drives",,,"Group","Enabled",,"{'ClassId':'{61BCD1B9-340C-40EC-9D41-D7F1C0632F05}','Data':'BitLockerEncryptAllDrives'}","{'Enabled':true,'Repetition':{'StopAtDurationEnd':false}}","11/30/1999 12:00:00 AM","267011",,"0",
"DC-SRV01","\Microsoft\Windows\BitLocker\BitLocker MDM policy Refresh",,,"Group","Enabled",,"{'ClassId':'{61BCD1B9-340C-40EC-9D41-D7F1C0632F05}','Data':'BitLockerPolicy'}","{'Enabled':true,'Repetition':{'StopAtDurationEnd':false}}","11/30/1999 12:00:00 AM","267011",,"0",
"DC-SRV01","\Microsoft\Windows\Bluetooth\UninstallDeviceTask","Microsoft",,"Local Service/System or Network Service","Disabled","SYSTEM","{'Arguments':'$(Arg0)','Execute':'BthUdTask.exe'}","[]","11/30/1999 12:00:00 AM","267011",,"0",
"DC-SRV01","\Microsoft\Windows\BrokerInfrastructure\BgTaskRegistrationMaintenanceTask","Microsoft Corporation",,"Local Service/System or Network Service","Enabled","SYSTEM","{'ClassId':'{E984D939-0E00-4DD9-AC3A-7ACA04745521}'}","[]","11/15/2024 2:29:29 AM","268435456",,"0",
"DC-SRV01","\Microsoft\Windows\CertificateServicesClient\AikCertEnrollTask","Microsoft Corporation",,"Local Service/System or Network Service","Enabled","SYSTEM","{'ClassId':'{47E30D54-DAC1-473A-AFF7-2355BF78881F}','Data':'AIKCertEnroll'}","{'Enabled':true,'Repetition':{'StopAtDurationEnd':false}}","11/30/1999 12:00:00 AM","267011",,"0",
"DC-SRV01","\Microsoft\Windows\CertificateServicesClient\CryptoPolicyTask","Microsoft Corporation",,"Local Service/System or Network Service","Enabled","SYSTEM","{'ClassId':'{47E30D54-DAC1-473A-AFF7-2355BF78881F}','Data':'CryptoPolicy'}","{'Enabled':true,'Repetition':{'StopAtDurationEnd':false}}","11/30/1999 12:00:00 AM","267011",,"0",
"DC-SRV01","\Microsoft\Windows\CertificateServicesClient\KeyPreGenTask","Microsoft Corporation",,"Local Service/System or Network Service","Enabled","SYSTEM","{'ClassId':'{47E30D54-DAC1-473A-AFF7-2355BF78881F}','Data':'NGCKeyPregen'}","[{'Enabled':true,'Id':'ImmediateTrigger','Repetition':{'StopAtDurationEnd':false}},{'Enabled':true,'Id':'DelayedTrigger','Repetition':{'StopAtDurationEnd':false}},{'Enabled':true,'Id':'DeviceUnlockedTrigger','Repetition':{'StopAtDurationEnd':false}},{'Delay':'PT10M','Enabled':false,'Id':'UserSignOnTrigger','Repetition':{'StopAtDurationEnd':false}},{'Delay':'PT10M','Enabled':false,'Id':'LocalConsoleConnectTrigger','Repetition':{'StopAtDurationEnd':false},'StateChange':1}]","11/11/2024 2:23:23 AM","2148073520",,"0",
"DC-SRV01","\Microsoft\Windows\CertificateServicesClient\SystemTask","Microsoft Corporation",,"Local Service/System or Network Service","Enabled","SYSTEM","{'ClassId':'{58FB76B9-AC85-4E55-AC04-427593B1D060}','Data':'SYSTEM'}","[{'Enabled':true,'Repetition':{'StopAtDurationEnd':false}},{'Enabled':true,'Repetition':{'StopAtDurationEnd':false}},{'Delay':'PT10S','Enabled':true,'Repetition':{'Interval':'PT8H','StopAtDurationEnd':false}}]","11/15/2024 2:29:29 AM","0",,"0",
"DC-SRV01","\Microsoft\Windows\CertificateServicesClient\UserTask","Microsoft Corporation",,"Group","Enabled",,"{'ClassId':'{58FB76B9-AC85-4E55-AC04-427593B1D060}','Data':'USER'}","[{'Enabled':true,'Repetition':{'StopAtDurationEnd':false}},{'Enabled':true,'Repetition':{'StopAtDurationEnd':false}},{'Enabled':true,'Repetition':{'Interval':'PT8H','StopAtDurationEnd':false}},{'Delay':'PT25M','Enabled':true,'ExecutionTimeLimit':'PT30M','Repetition':{'Duration':'PT4H','Interval':'PT1H','StopAtDurationEnd':false},'Subscription':'\u003cQueryList\u003e\u003cQuery Id=\'0\' Path=\'Microsoft-Windows-User Device Registration/Admin\'\u003e\u003cSelect Path=\'Microsoft-Windows-User Device Registration/Admin\'\u003e*[System[Provider[@Name=\u0027Microsoft-Windows-User Device Registration\u0027] and EventID=300]]\u003c/Select\u003e\u003c/Query\u003e\u003c/QueryList\u003e'}]","11/15/2024 2:29:29 AM","0",,"0",
"DC-SRV01","\Microsoft\Windows\CertificateServicesClient\UserTask-Roam","Microsoft Corporation",,"Group","Enabled",,"{'ClassId':'{58FB76B9-AC85-4E55-AC04-427593B1D060}','Data':'KEYROAMING'}","[{'Enabled':true,'Repetition':{'StopAtDurationEnd':false},'StateChange':7},{'Enabled':true,'Repetition':{'StopAtDurationEnd':false},'StateChange':8}]","11/15/2024 2:29:29 AM","0",,"0",
"DC-SRV01","\Microsoft\Windows\Chkdsk\ProactiveScan","Microsoft Corporation",,"Local Service/System or Network Service","Enabled","SYSTEM","{'ClassId':'{CF4270F5-2E43-4468-83B3-A8C45BB33EA1}'}","[]","11/15/2024 2:29:29 AM","0",,"0",
"DC-SRV01","\Microsoft\Windows\Chkdsk\SyspartRepair",,,"Local Service/System or Network Service","Enabled","SYSTEM","{'Arguments':'%windir% /sysrepair','Execute':'%windir%\\system32\\bcdboot.exe'}","{'Enabled':true,'Repetition':{'StopAtDurationEnd':false}}","11/30/1999 12:00:00 AM","267011",,"0",
"DC-SRV01","\Microsoft\Windows\Clip\License Validation","Microsoft Corporation","2014-01-01T00:00:00","Local Service/System or Network Service","Disabled","SYSTEM","{'Arguments':'-p -s -o','Execute':'%SystemRoot%\\system32\\ClipUp.exe'}","{'Enabled':false,'Repetition':{'StopAtDurationEnd':false}}","11/30/1999 12:00:00 AM","267011",,"0",
"DC-SRV01","\Microsoft\Windows\CloudExperienceHost\CreateObjectTask",,,"Local Service/System or Network Service","Enabled","SYSTEM","{'ClassId':'{E4544ABA-62BF-4C54-AAB2-EC246342626C}'}","[]","11/30/1999 12:00:00 AM","267011",,"0",
"DC-SRV01","\Microsoft\Windows\Customer Experience Improvement Program\Consolidator","Microsoft Corporation",,"Local Service/System or Network Service","Enabled","SYSTEM","{'Execute':'%SystemRoot%\\System32\\wsqmcons.exe'}","{'Enabled':true,'Repetition':{'Interval':'PT6H','StopAtDurationEnd':false},'StartBoundary':'2004-01-02T00:00:00'}","11/15/2024 2:29:29 AM","0","11/15/2024 6:00:00 AM","0",
"DC-SRV01","\Microsoft\Windows\Customer Experience Improvement Program\UsbCeip","Microsoft Corporation",,"Local Service/System or Network Service","Enabled","SYSTEM","{'ClassId':'{C27F6B1D-FE0B-45E4-9257-38799FA69BC8}','Data':'SYSTEM'}","[]","11/11/2024 1:19:19 AM","0",,"0",
"DC-SRV01","\Microsoft\Windows\Data Integrity Scan\Data Integrity Check And Scan","Microsoft Corporation",,"Local Service/System or Network Service","Enabled","SYSTEM","{'ClassId':'{DCFD3EA8-D960-4719-8206-490AE315F94F}'}","[{'DaysInterval':1,'Enabled':true,'Id':'Init','RandomDelay':'PT1H','Repetition':{'StopAtDurationEnd':false},'StartBoundary':'2011-01-01T23:00:00'},{'Delay':'PT1H','Enabled':false,'Id':'Resume','Repetition':{'StopAtDurationEnd':false}}]","11/15/2024 2:29:29 AM","0","11/15/2024 11:52:52 PM","0",
"DC-SRV01","\Microsoft\Windows\Data Integrity Scan\Data Integrity Scan","Microsoft Corporation",,"Local Service/System or Network Service","Enabled","SYSTEM","{'ClassId':'{DCFD3EA8-D960-4719-8206-490AE315F94F}','Data':'-Manual'}","[]","11/30/1999 12:00:00 AM","267011",,"0",
"DC-SRV01","\Microsoft\Windows\Data Integrity Scan\Data Integrity Scan for Crash Recovery","Microsoft Corporation",,"Local Service/System or Network Service","Enabled","SYSTEM","{'ClassId':'{DCFD3EA8-D960-4719-8206-490AE315F94F}','Data':'-CrashRecovery'}","{'Enabled':true,'Id':'CrashRecovery','Repetition':{'StopAtDurationEnd':false}}","11/30/1999 12:00:00 AM","267011",,"0",
"DC-SRV01","\Microsoft\Windows\Defrag\ScheduledDefrag","Microsoft Corporation",,"Local Service/System or Network Service","Enabled","SYSTEM","{'Arguments':'-c -h -k -g -$','Execute':'%windir%\\system32\\defrag.exe'}","[]","11/11/2024 11:59:59 AM","0",,"0",
"DC-SRV01","\Microsoft\Windows\Device Information\Device",,,"Local Service/System or Network Service","Disabled","SYSTEM","{'Arguments':'SystemCxt','Execute':'%windir%\\system32\\devicecensus.exe'}","[{'Enabled':true,'RandomDelay':'PT2H','Repetition':{'Interval':'P1D','StopAtDurationEnd':false},'StartBoundary':'2008-09-01T03:00:00'},{'Enabled':true,'Id':'WNF_DEP_OOBE_COMPLETE','Repetition':{'StopAtDurationEnd':false}}]","10/2/2023 6:28:28 AM","0","11/15/2024 4:23:23 AM","409",
"DC-SRV01","\Microsoft\Windows\Device Information\Device User",,,"Group","Enabled",,"{'Arguments':'UserCxt','Execute':'%windir%\\system32\\devicecensus.exe'}","{'Delay':'PT2M','Enabled':true,'Repetition':{'StopAtDurationEnd':false}}","11/11/2024 12:01:01 PM","0",,"0",
"DC-SRV01","\Microsoft\Windows\Device Setup\Metadata Refresh","Microsoft Corporation",,"Group","Enabled",,"{'ClassId':'{23C1F3CF-C110-4512-ACA9-7B6174ECE888}'}","[]","11/15/2024 2:29:29 AM","0",,"0",
"DC-SRV01","\Microsoft\Windows\Diagnosis\Scheduled","Microsoft Corporation",,"Group","Enabled",,"{'ClassId':'{C1F85EF8-BCC2-4606-BB39-70C523715EB3}'}","[]","11/11/2024 1:19:19 AM","0",,"0",
"DC-SRV01","\Microsoft\Windows\DirectX\DirectXDatabaseUpdater",,,"Local Service/System or Network Service","Enabled","SYSTEM","{'Execute':'%windir%\\system32\\directxdatabaseupdater.exe'}","[{'Delay':'PT10M','Enabled':false,'Repetition':{'StopAtDurationEnd':false}},{'Enabled':true,'Repetition':{'StopAtDurationEnd':false}}]","10/6/2023 8:41:41 AM","0",,"0",
"DC-SRV01","\Microsoft\Windows\DirectX\DXGIAdapterCache",,,"Local Service/System or Network Service","Enabled","SYSTEM","{'Execute':'%windir%\\system32\\dxgiadaptercache.exe'}","[{'Delay':'PT1M','Enabled':true,'Repetition':{'StopAtDurationEnd':false}},{'Enabled':true,'Repetition':{'StopAtDurationEnd':false}},{'Enabled':true,'Repetition':{'StopAtDurationEnd':false}}]","11/11/2024 11:45:45 AM","0",,"0",
"DC-SRV01","\Microsoft\Windows\DiskCleanup\SilentCleanup","Microsoft Corporation",,"Group","Enabled",,"{'Arguments':'/autocleanstoragesense /d %systemdrive%','Execute':'%windir%\\system32\\cleanmgr.exe'}","[]","11/15/2024 2:29:29 AM","0",,"0",
"DC-SRV01","\Microsoft\Windows\DiskDiagnostic\Microsoft-Windows-DiskDiagnosticDataCollector","Microsoft Corporation",,"Local Service/System or Network Service","Disabled","SYSTEM","{'Arguments':'dfdts.dll,DfdGetDefaultPolicyAndSMART','Execute':'%windir%\\system32\\rundll32.exe'}","[]","12/5/2023 1:11:11 AM","0",,"0",
"DC-SRV01","\Microsoft\Windows\DiskDiagnostic\Microsoft-Windows-DiskDiagnosticResolver","Microsoft Corporation",,"Group","Disabled",,"{'Execute':'%windir%\\system32\\DFDWiz.exe'}","{'Enabled':true,'Repetition':{'StopAtDurationEnd':false}}","11/30/1999 12:00:00 AM","267011",,"0",
"DC-SRV01","\Microsoft\Windows\DiskFootprint\Diagnostics",,,"Local Service/System or Network Service","Enabled","SYSTEM","{'Arguments':'-z','Execute':'%windir%\\system32\\disksnapshot.exe'}","[]","11/15/2024 2:29:29 AM","0",,"0",
"DC-SRV01","\Microsoft\Windows\DiskFootprint\StorageSense",,,"Local Service/System or Network Service","Enabled","SYSTEM","{'ClassId':'{AB2A519B-03B0-43CE-940A-A73DF850B49A}'}","[]","11/15/2024 2:29:29 AM","2147746132",,"0",
"DC-SRV01","\Microsoft\Windows\EDP\EDP App Launch Task",,,"Group","Enabled",,"{'ClassId':'{61BCD1B9-340C-40EC-9D41-D7F1C0632F05}','Data':'AppLaunch'}","{'Enabled':true,'Repetition':{'StopAtDurationEnd':false}}","11/30/1999 12:00:00 AM","267011",,"0",
"DC-SRV01","\Microsoft\Windows\EDP\EDP Auth Task",,,"Group","Enabled",,"{'ClassId':'{61BCD1B9-340C-40EC-9D41-D7F1C0632F05}','Data':'ReAuth'}","{'Enabled':true,'Repetition':{'StopAtDurationEnd':false}}","11/30/1999 12:00:00 AM","267011",,"0",
"DC-SRV01","\Microsoft\Windows\EDP\EDP Inaccessible Credentials Task",,,"Group","Enabled",,"{'ClassId':'{61BCD1B9-340C-40EC-9D41-D7F1C0632F05}','Data':'MissingCredentials'}","{'Enabled':true,'Repetition':{'StopAtDurationEnd':false}}","11/30/1999 12:00:00 AM","267011",,"0",
"DC-SRV01","\Microsoft\Windows\EDP\StorageCardEncryption Task",,,"Group","Enabled",,"{'ClassId':'{61BCD1B9-340C-40EC-9D41-D7F1C0632F05}','Data':'SDCardEncryptionPolicy'}","{'Enabled':true,'Repetition':{'StopAtDurationEnd':false}}","11/30/1999 12:00:00 AM","267011",,"0",
"DC-SRV01","\Microsoft\Windows\ExploitGuard\ExploitGuard MDM policy Refresh","Microsoft Corporation",,"Local Service/System or Network Service","Enabled","SYSTEM","{'ClassId':'{711001CD-CC1D-4470-9B7E-1EF73849C79E}','Data':'ExploitGuardPolicy'}","[{'Enabled':true,'Repetition':{'StopAtDurationEnd':false}},{'Enabled':true,'Repetition':{'StopAtDurationEnd':false}},{'Enabled':true,'Repetition':{'StopAtDurationEnd':false}}]","11/15/2024 2:29:29 AM","0",,"0",
"DC-SRV01","\Microsoft\Windows\File Classification Infrastructure\Property Definition Sync","Microsoft Corporation",,"Local Service/System or Network Service","Disabled","SYSTEM","{'ClassId':'{2AE64751-B728-4D6B-97A0-B2DA2E7D2A3B}'}","{'DaysInterval':1,'Enabled':true,'Id':'FsrmDailyTrigger','RandomDelay':'PT4H','Repetition':{'StopAtDurationEnd':false},'StartBoundary':'2006-11-09T03:00:00'}","11/30/1999 12:00:00 AM","267011","11/15/2024 4:59:59 AM","0",
"DC-SRV01","\Microsoft\Windows\Flighting\FeatureConfig\ReconcileFeatures","Microsoft Corporation",,"Local Service/System or Network Service","Enabled","SYSTEM","{'ClassId':'{59EECBFE-C2F5-4419-9B99-13FE05FF2675}'}","[{'Enabled':true,'Repetition':{'StopAtDurationEnd':false}},{'Enabled':true,'Repetition':{'StopAtDurationEnd':false}},{'Enabled':true,'Repetition':{'StopAtDurationEnd':false}},{'Enabled':true,'Repetition':{'StopAtDurationEnd':false}},{'Enabled':true,'Repetition':{'StopAtDurationEnd':false}}]","11/15/2024 2:29:29 AM","0",,"0",
"DC-SRV01","\Microsoft\Windows\Flighting\FeatureConfig\UsageDataFlushing","Microsoft Corporation",,"Local Service/System or Network Service","Enabled","SYSTEM","{'ClassId':'{99EFDAD1-0F11-4A6B-A702-4E1C37D1A3EF}'}","[{'Enabled':true,'Repetition':{'StopAtDurationEnd':false}},{'Enabled':true,'Repetition':{'StopAtDurationEnd':false}},{'Enabled':true,'Repetition':{'StopAtDurationEnd':false}}]","11/30/1999 12:00:00 AM","267011",,"0",
"DC-SRV01","\Microsoft\Windows\Flighting\FeatureConfig\UsageDataReporting","Microsoft Corporation",,"Local Service/System or Network Service","Enabled","SYSTEM","{'ClassId':'{BBFCD054-8AAC-45DE-A1EB-7B246C9028AF}'}","[]","11/15/2024 2:29:29 AM","0",,"0",
"DC-SRV01","\Microsoft\Windows\Flighting\OneSettings\RefreshCache","Microsoft Corporation",,"Local Service/System or Network Service","Enabled","SYSTEM","{'ClassId':'{E07647F7-AED2-48D9-9720-939BC24A8A3C}'}","[{'Enabled':true,'RandomDelay':'PT1H','Repetition':{'Interval':'PT5H45M','StopAtDurationEnd':false},'StartBoundary':'2024-11-15T08:15:44-08:00'},{'Enabled':true,'Repetition':{'StopAtDurationEnd':false}}]","11/15/2024 2:29:29 AM","0","11/15/2024 9:00:00 AM","0",
"DC-SRV01","\Microsoft\Windows\Input\LocalUserSyncDataAvailable",,,"Group","Enabled",,"{'ClassId':'{8E7C2AFB-72B9-415C-9AC2-5037693309B7}','Data':'LocalUserSyncDataAvailable'}","{'Enabled':true,'Repetition':{'StopAtDurationEnd':false}}","10/23/2024 6:46:46 AM","2147943467",,"0",
"DC-SRV01","\Microsoft\Windows\Input\MouseSyncDataAvailable",,,"Group","Enabled",,"{'ClassId':'{378EAB97-EFD6-4ED5-9AD9-E64A6AA1E6FA}','Data':'MouseSyncDataAvailable'}","{'Enabled':true,'Repetition':{'StopAtDurationEnd':false}}","11/30/1999 12:00:00 AM","267011",,"0",
"DC-SRV01","\Microsoft\Windows\Input\PenSyncDataAvailable",,,"Group","Enabled",,"{'ClassId':'{378EAB97-EFD6-4ED5-9AD9-E64A6AA1E6FA}','Data':'PenSyncDataAvailable'}","{'Enabled':true,'Repetition':{'StopAtDurationEnd':false}}","11/30/1999 12:00:00 AM","267011",,"0",
"DC-SRV01","\Microsoft\Windows\Input\TouchpadSyncDataAvailable",,,"Group","Enabled",,"{'ClassId':'{378EAB97-EFD6-4ED5-9AD9-E64A6AA1E6FA}','Data':'TouchpadSyncDataAvailable'}","{'Enabled':true,'Repetition':{'StopAtDurationEnd':false}}","11/30/1999 12:00:00 AM","267011",,"0",
"DC-SRV01","\Microsoft\Windows\InstallService\ScanForUpdates",,,"Local Service/System or Network Service","Disabled","SYSTEM","{'ClassId':'{A558C6A5-B42B-4C98-B610-BF9559143139}'}","[{'Enabled':true,'RandomDelay':'P1D','Repetition':{'Interval':'P1D','StopAtDurationEnd':false},'StartBoundary':'2013-12-31T16:00:00-08:00'},{'Enabled':true,'Id':'7524BCA33E06830D','Repetition':{'StopAtDurationEnd':false}},{'Enabled':false,'Id':'ServerRecommendedScheduledRetry','Repetition':{'StopAtDurationEnd':false},'StartBoundary':'2013-12-31T16:00:00-08:00'}]","11/30/1999 12:00:00 AM","267011","11/16/2024 3:09:09 AM","0",
"DC-SRV01","\Microsoft\Windows\InstallService\ScanForUpdatesAsUser",,,"Group","Disabled",,"{'ClassId':'{DDAFAEA2-8842-4E96-BADE-D44A8D676FDB}'}","[]","11/30/1999 12:00:00 AM","267011",,"0",
"DC-SRV01","\Microsoft\Windows\InstallService\SmartRetry",,,"Local Service/System or Network Service","Disabled","SYSTEM","{'ClassId':'{F3A219C3-2698-4CBF-9C07-037EDB8E72E6}'}","[{'Delay':'PT6M','Enabled':false,'Id':'PostBoot','Repetition':{'StopAtDurationEnd':false}},{'Enabled':false,'Id':'ScheduledRetry','Repetition':{'StopAtDurationEnd':false},'StartBoundary':'2013-12-31T16:00:00-08:00'},{'Enabled':false,'Id':'7538BDA33E06830D','Repetition':{'StopAtDurationEnd':false}},{'Enabled':false,'Id':'7518BCA33E06830D','Repetition':{'StopAtDurationEnd':false}},{'Enabled':false,'Id':'7510BCA33E0B8441','Repetition':{'StopAtDurationEnd':false}},{'Enabled':false,'Id':'NetworkDebounce','Repetition':{'StopAtDurationEnd':false},'StartBoundary':'2013-12-31T16:00:00-08:00'}]","11/30/1999 12:00:00 AM","267011",,"0",
"DC-SRV01","\Microsoft\Windows\InstallService\WakeUpAndContinueUpdates",,,"Local Service/System or Network Service","Disabled","SYSTEM","{'ClassId':'{0DC331EE-8438-49D5-A721-E10B937CE459}'}","[]","11/30/1999 12:00:00 AM","267011",,"0",
"DC-SRV01","\Microsoft\Windows\InstallService\WakeUpAndScanForUpdates",,,"Local Service/System or Network Service","Disabled","SYSTEM","{'ClassId':'{D5A04D91-6FE6-4FE4-A98A-FEB4500C5AF7}'}","{'Enabled':true,'RandomDelay':'P1D','Repetition':{'Interval':'P1D','StopAtDurationEnd':false},'StartBoundary':'2013-12-31T16:00:00-08:00'}","11/30/1999 12:00:00 AM","267011","11/16/2024 5:16:16 AM","0",
"DC-SRV01","\Microsoft\Windows\International\Synchronize Language Settings","Microsoft Corporation",,"Group","Enabled",,"{'ClassId':'{10D62541-90D0-42FE-848C-0DBC1AC42EDA}','Data':'SyncFromCloud'}","[{'Enabled':true,'Repetition':{'StopAtDurationEnd':false}},{'Delay':'PT30S','Enabled':true,'Repetition':{'Interval':'P1DT2H47M','StopAtDurationEnd':false}}]","11/15/2024 2:29:29 AM","2147746053",,"0",
"DC-SRV01","\Microsoft\Windows\LanguageComponentsInstaller\Installation","Microsoft Corporation",,"Group","Enabled",,"{'ClassId':'{6F58F65F-EC0E-4ACA-99FE-FC5A1A25E4BE}','Data':'Install $(Arg0)'}","[{'Delay':'PT15M','Enabled':true,'Id':'PeriodicInstallationAfterLogonUntilDone','Repetition':{'Interval':'P1D','StopAtDurationEnd':false}},{'Enabled':true,'Id':'InstallationOnIdleUntilDone','Repetition':{'Interval':'P1D','StopAtDurationEnd':false}}]","11/15/2024 2:29:29 AM","0",,"0",
"DC-SRV01","\Microsoft\Windows\LanguageComponentsInstaller\Uninstallation","Microsoft Corporation",,"Local Service/System or Network Service","Disabled","SYSTEM","{'ClassId':'{6F58F65F-EC0E-4ACA-99FE-FC5A1A25E4BE}','Data':'Uninstall'}","[]","10/17/2023 6:44:44 AM","0",,"0",
"DC-SRV01","\Microsoft\Windows\License Manager\TempSignedLicenseExchange","Microsoft Corporation",,"Group","Enabled",,"{'ClassId':'{77646A68-AD14-4D53-897D-7BE4DDE5F929}'}","[]","11/15/2024 2:29:29 AM","0",,"0",
"DC-SRV01","\Microsoft\Windows\Location\Notifications",,,"Group","Enabled",,"{'Execute':'%windir%\\System32\\LocationNotificationWindows.exe'}","{'Enabled':true,'Repetition':{'StopAtDurationEnd':false}}","11/30/1999 12:00:00 AM","267011",,"0",
"DC-SRV01","\Microsoft\Windows\Location\WindowsActionDialog",,,"Group","Enabled",,"{'Execute':'%windir%\\System32\\WindowsActionDialog.exe'}","{'Enabled':true,'Repetition':{'StopAtDurationEnd':false}}","11/30/1999 12:00:00 AM","267011",,"0",
"DC-SRV01","\Microsoft\Windows\Maintenance\WinSAT","Microsoft","2008-02-25T19:15:00","Group","Enabled",,"{'ClassId':'{A9A33436-678B-4C9C-A211-7CC38785E79D}'}","[]","11/11/2024 1:19:19 AM","0",,"0",
"DC-SRV01","\Microsoft\Windows\Maps\MapsToastTask","Microsoft Corporation","2014-11-05T00:00:00","Group","Disabled",,"{'ClassId':'{9885AEF2-BD9F-41E0-B15E-B3141395E803}','Data':'$(Arg0);$(Arg1);$(Arg2);$(Arg3);$(Arg4);$(Arg5);$(Arg6);$(Arg7)'}","[]","11/30/1999 12:00:00 AM","267011",,"0",
"DC-SRV01","\Microsoft\Windows\Maps\MapsUpdateTask","Microsoft Corporation","2014-11-05T00:00:00","Local Service/System or Network Service","Disabled","NETWORK SERVICE","{'ClassId':'{B9033E87-33CF-4D77-BC9B-895AFBBA72E4}'}","{'Enabled':true,'RandomDelay':'PT2H','Repetition':{'Interval':'P1D','StopAtDurationEnd':false},'StartBoundary':'2014-10-21T00:00:00'}","11/30/1999 12:00:00 AM","267011","11/16/2024 12:45:45 AM","0",
"DC-SRV01","\Microsoft\Windows\MemoryDiagnostic\ProcessMemoryDiagnosticEvents","Microsoft Corporation",,"Group","Disabled",,"{'ClassId':'{8168E74A-B39F-46D8-ADCD-7BED477B80A3}','Data':'Event'}","[{'Enabled':true,'Repetition':{'StopAtDurationEnd':false},'Subscription':'\u003cQueryList\u003e\u003cQuery Id=\'0\' Path=\'System\'\u003e\u003cSelect Path=\'System\'\u003e*[System[Provider[@Name=\u0027Microsoft-Windows-WER-SystemErrorReporting\u0027] and (EventID=1000 or EventID=1001 or EventID=1006)]]\u003c/Select\u003e\u003c/Query\u003e\u003c/QueryList\u003e'},{'Enabled':true,'Repetition':{'StopAtDurationEnd':false},'Subscription':'\u003cQueryList\u003e\u003cQuery Id=\'0\' Path=\'Application\'\u003e\u003cSelect Path=\'Application\'\u003e*[System[Provider[@Name=\u0027Application Error\u0027] and EventID=1000]]\u003c/Select\u003e\u003c/Query\u003e\u003c/QueryList\u003e'},{'Enabled':true,'Repetition':{'StopAtDurationEnd':false},'Subscription':'\u003cQueryList\u003e\u003cQuery Id=\'0\' Path=\'System\'\u003e\u003cSelect Path=\'System\'\u003e*[System[Provider[@Name=\u0027Application Popup\u0027] and EventID=1801]]\u003c/Select\u003e\u003c/Query\u003e\u003c/QueryList\u003e'},{'Enabled':true,'Repetition':{'StopAtDurationEnd':false},'Subscription':'\u003cQueryList\u003e\u003cQuery Id=\'0\' Path=\'Microsoft-Windows-Kernel-StoreMgr/Operational\'\u003e\u003cSelect Path=\'Microsoft-Windows-Kernel-StoreMgr/Operational\'\u003e*[System[Provider[@Name=\u0027Microsoft-Windows-Kernel-StoreMgr\u0027] and EventID=6]]\u003c/Select\u003e\u003c/Query\u003e\u003c/QueryList\u003e'}]","11/30/1999 12:00:00 AM","267011",,"0",
"DC-SRV01","\Microsoft\Windows\MemoryDiagnostic\RunFullMemoryDiagnostic","Microsoft Corporation",,"Group","Disabled",,"{'ClassId':'{8168E74A-B39F-46D8-ADCD-7BED477B80A3}','Data':'Time'}","[]","11/30/1999 12:00:00 AM","267011",,"0",
"DC-SRV01","\Microsoft\Windows\MUI\LPRemove","Microsoft Corporation",,"Local Service/System or Network Service","Enabled","SYSTEM","{'Execute':'%windir%\\system32\\lpremove.exe'}","[]","11/15/2024 2:29:29 AM","0",,"0",
"DC-SRV01","\Microsoft\Windows\Multimedia\SystemSoundsService",,"2005-06-23T13:48:00-08:00","Group","Disabled",,"{'ClassId':'{2DEA658F-54C1-4227-AF9B-260AB5FC3543}'}","{'Enabled':true,'Repetition':{'StopAtDurationEnd':false}}","11/30/1999 12:00:00 AM","267011",,"0",
"DC-SRV01","\Microsoft\Windows\NetTrace\GatherNetworkInfo","Microsoft",,"Group","Enabled",,"{'Execute':'%windir%\\system32\\gatherNetworkInfo.vbs','WorkingDirectory':'$(Arg1)'}","[]","11/30/1999 12:00:00 AM","267011",,"0",
"DC-SRV01","\Microsoft\Windows\Network Controller\SDN Diagnostics Task","Microsoft Corporation",,"Local Service/System or Network Service","Disabled","SYSTEM","{'Execute':'%windir%\\System32\\SDNDiagnosticsTask.exe'}","[{'Enabled':true,'Repetition':{'Interval':'PT30M','StopAtDurationEnd':false},'StartBoundary':'2015-08-21T00:00:00'},{'Enabled':true,'Repetition':{'StopAtDurationEnd':false}}]","11/30/1999 12:00:00 AM","267011","11/15/2024 3:00:00 AM","0",
"DC-SRV01","\Microsoft\Windows\Offline Files\Background Synchronization","Microsoft Corporation",,"Group","Disabled",,"{'ClassId':'{FA3F3DD9-4C1A-456B-A8FA-C76EF3ED83B8}'}","{'Enabled':true,'RandomDelay':'PT20M','Repetition':{'Interval':'PT2H','StopAtDurationEnd':false},'StartBoundary':'2008-01-01T00:00:00'}","11/30/1999 12:00:00 AM","267011","11/15/2024 4:09:09 AM","0",
"DC-SRV01","\Microsoft\Windows\Offline Files\Logon Synchronization","Microsoft Corporation",,"Group","Disabled",,"{'ClassId':'{FA3F3DD9-4C1A-456B-A8FA-C76EF3ED83B8}','Data':'Logon'}","{'Delay':'PT4M','Enabled':true,'Repetition':{'StopAtDurationEnd':false}}","11/30/1999 12:00:00 AM","267011",,"0",
"DC-SRV01","\Microsoft\Windows\PI\Secure-Boot-Update","Microsoft Corporation","2012-02-07T16:39:20","Local Service/System or Network Service","Enabled","SYSTEM","{'ClassId':'{5014B7C8-934E-4262-9816-887FA745A6C4}','Data':'SBServicing'}","{'Enabled':true,'Repetition':{'StopAtDurationEnd':false}}","10/2/2023 8:46:46 AM","0",,"0",
"DC-SRV01","\Microsoft\Windows\PI\Sqm-Tasks","Microsoft Corporation","2011-07-22T00:00:00.8844064","Local Service/System or Network Service","Enabled","SYSTEM","{'ClassId':'{5014B7C8-934E-4262-9816-887FA745A6C4}','Data':'PiSqmTasks'}","[]","10/22/2024 7:17:17 AM","0",,"0",
"DC-SRV01","\Microsoft\Windows\PLA\Server Manager Performance Monitor","Microsoft Corporation",,"Local Service/System or Network Service","Disabled","SYSTEM","{'Arguments':'%systemroot%\\system32\\pla.dll,PlaHost \'Server Manager Performance Monitor\' \'$(Arg0)\'','Execute':'%systemroot%\\system32\\rundll32.exe'}","{'Enabled':true,'Repetition':{'StopAtDurationEnd':false}}","11/30/1999 12:00:00 AM","267011",,"0",
"DC-SRV01","\Microsoft\Windows\Plug and Play\Device Install Group Policy","Microsoft Corporation",,"Local Service/System or Network Service","Enabled","SYSTEM","{'ClassId':'{60400283-B242-4FA8-8C25-CAF695B88209}'}","{'Enabled':true,'Repetition':{'StopAtDurationEnd':false}}","11/15/2024 2:29:29 AM","0",,"0",
"DC-SRV01","\Microsoft\Windows\Plug and Play\Device Install Reboot Required","Microsoft Corporation",,"Group","Enabled",,"{'ClassId':'{48794782-6A1F-47B9-BD52-1D5F95D49C1B}'}","[{'Enabled':true,'Repetition':{'StopAtDurationEnd':false}},{'Enabled':true,'Repetition':{'StopAtDurationEnd':false}}]","11/11/2024 11:45:45 AM","0",,"0",
"DC-SRV01","\Microsoft\Windows\Plug and Play\Sysprep Generalize Drivers","Microsoft Corporation",,"Local Service/System or Network Service","Enabled","SYSTEM","{'Arguments':'6','Execute':'%SystemRoot%\\System32\\drvinst.exe'}","[]","10/2/2023 8:42:42 AM","0",,"0",
"DC-SRV01","\Microsoft\Windows\Power Efficiency Diagnostics\AnalyzeSystem","Microsoft Corporation",,"Local Service/System or Network Service","Enabled","SYSTEM","{'ClassId':'{927EA2AF-1C54-43D5-825E-0074CE028EEE}'}","[]","11/15/2024 2:30:30 AM","267009",,"0",
"DC-SRV01","\Microsoft\Windows\PushToInstall\LoginCheck",,,"Local Service/System or Network Service","Disabled","SYSTEM","{'Arguments':'start pushtoinstall login','Execute':'%windir%\\system32\\sc.exe'}","{'Delay':'PT5M','Enabled':true,'EndBoundary':'2016-12-31T16:00:00-08:00','Repetition':{'StopAtDurationEnd':false},'StartBoundary':'2016-12-31T16:00:00-08:00'}","11/30/1999 12:00:00 AM","267011",,"0",
"DC-SRV01","\Microsoft\Windows\PushToInstall\Registration",,,"Local Service/System or Network Service","Disabled","SYSTEM","{'Arguments':'start pushtoinstall registration','Execute':'%windir%\\system32\\sc.exe'}","[{'Enabled':true,'Repetition':{'Interval':'P20D','StopAtDurationEnd':false},'StartBoundary':'2016-12-31T16:00:00-08:00'},{'Enabled':true,'Repetition':{'StopAtDurationEnd':false}}]","11/30/1999 12:00:00 AM","267011","11/19/2024 4:00:00 PM","0",
"DC-SRV01","\Microsoft\Windows\Ras\MobilityManager","Microsoft Corporation",,"Local Service/System or Network Service","Enabled","LOCAL SERVICE","{'ClassId':'{C463A0FC-794F-4FDF-9201-01938CEACAFA}'}","{'Enabled':true,'Repetition':{'StopAtDurationEnd':false},'Subscription':'\u003cQueryList\u003e\n\n\n\n\n\n\n\n              \u003cQuery\n\n\n\n\n\n\n\n                  Id=\'0\'\n\n\n\n\n\n\n\n                  Path=\'Application\'\n\n\n\n\n\n\n\n                  \u003e\n\n\n\n\n\n\n\n                \u003cSelect Path=\'Application\'\u003e*[System[Provider[@Name=\u0027RasClient\u0027] and (Level=4 or Level=0) and (EventID=20281)]]\u003c/Select\u003e\n\n\n\n\n\n\n\n              \u003c/Query\u003e\n\n\n\n\n\n\n\n            \u003c/QueryList\u003e'}","11/30/1999 12:00:00 AM","267011",,"0",
"DC-SRV01","\Microsoft\Windows\RecoveryEnvironment\VerifyWinRE","Microsoft Corporation",,"Group","Disabled",,"{'ClassId':'{89D1D0C2-A3CF-490C-ABE3-B86CDE34B047}','Data':'VerifyWinRE'}","[]","10/17/2023 6:44:44 AM","0",,"0",
"DC-SRV01","\Microsoft\Windows\Registry\RegIdleBackup","Microsoft Corporation",,"Local Service/System or Network Service","Enabled","SYSTEM","{'ClassId':'{CA767AA8-9157-4604-B64B-40747123D5F2}'}","[]","11/7/2024 4:38:38 AM","0",,"0",
"DC-SRV01","\Microsoft\Windows\Server Manager\CleanupOldPerfLogs","Microsoft Corporation",,"Local Service/System or Network Service","Enabled","SYSTEM","{'Arguments':'/B /nologo %systemroot%\\system32\\calluxxprovider.vbs $(Arg0) $(Arg1) $(Arg2)','Execute':'%systemroot%\\system32\\cscript.exe'}","[]","11/30/1999 12:00:00 AM","267011",,"0",
"DC-SRV01","\Microsoft\Windows\Server Manager\ServerManager","Microsoft Corporation",,"Group","Enabled",,"{'Execute':'%windir%\\system32\\ServerManagerLauncher.exe'}","{'Enabled':true,'Id':'26a8b275-6e6b-419d-9d59-b7806b540c3b','Repetition':{'StopAtDurationEnd':false}}","11/11/2024 11:45:45 AM","0",,"0",
"DC-SRV01","\Microsoft\Windows\Servicing\StartComponentCleanup",,,"Local Service/System or Network Service","Enabled","SYSTEM","{'ClassId':'{752073A1-23F2-4396-85F0-8FDB879ED0ED}'}","[]","11/15/2024 2:29:29 AM","0",,"0",
"DC-SRV01","\Microsoft\Windows\SharedPC\Account Cleanup",,,"Local Service/System or Network Service","Disabled","SYSTEM","{'Arguments':'%windir%\\System32\\Windows.SharedPC.AccountManager.dll,StartMaintenance','Execute':'%windir%\\System32\\rundll32.exe'}","[]","11/30/1999 12:00:00 AM","267011",,"0",
"DC-SRV01","\Microsoft\Windows\Shell\CreateObjectTask","Microsoft Corporation",,"Local Service/System or Network Service","Enabled","SYSTEM","{'ClassId':'{990A9F8F-301F-45F7-8D0E-68C5952DBA43}'}","[]","11/15/2024 2:29:29 AM","0",,"0",
"DC-SRV01","\Microsoft\Windows\Shell\IndexerAutomaticMaintenance","Microsoft Corporation",,"Local Service/System or Network Service","Enabled","LOCAL SERVICE","{'ClassId':'{3FBA60A6-7BF5-4868-A2CA-6623B3DFFEA6}'}","[]","11/15/2024 2:29:29 AM","0",,"0",
"DC-SRV01","\Microsoft\Windows\Shell\UpdateUserPictureTask",,,"Group","Enabled",,"{'ClassId':'{09C5DD34-009D-40FA-BCB9-0165AD0C15D4}'}","{'Enabled':true,'Repetition':{'StopAtDurationEnd':false}}","11/30/1999 12:00:00 AM","267011",,"0",
"DC-SRV01","\Microsoft\Windows\Software Inventory Logging\Collection",,,"Local Service/System or Network Service","Disabled","SYSTEM","{'Arguments':'/d /c %systemroot%\\system32\\silcollector.cmd publish','Execute':'%systemroot%\\system32\\cmd.exe'}","{'Enabled':true,'RandomDelay':'PT30M','Repetition':{'Interval':'PT1H','StopAtDurationEnd':false},'StartBoundary':'2000-01-01T03:00:00'}","11/30/1999 12:00:00 AM","267011","11/15/2024 3:20:20 AM","0",
"DC-SRV01","\Microsoft\Windows\Software Inventory Logging\Configuration",,,"Local Service/System or Network Service","Enabled","SYSTEM","{'Arguments':'/d /c %systemroot%\\system32\\silcollector.cmd configure','Execute':'%systemroot%\\system32\\cmd.exe'}","{'Delay':'PT1M','Enabled':true,'Repetition':{'StopAtDurationEnd':false}}","11/11/2024 11:45:45 AM","0",,"0",
"DC-SRV01","\Microsoft\Windows\SoftwareProtectionPlatform\SvcRestartTask","Microsoft Corporation",,"Local Service/System or Network Service","Enabled","NETWORK SERVICE","{'ClassId':'{B1AEBB5D-EAD9-4476-B375-9C3ED9F32AFC}','Data':'timer'}","{'DaysInterval':1,'Enabled':true,'Repetition':{'StopAtDurationEnd':false},'StartBoundary':'2024-11-16T04:52:14-08:00'}","10/17/2024 5:52:52 AM","0","11/16/2024 4:52:52 AM","0",
"DC-SRV01","\Microsoft\Windows\SoftwareProtectionPlatform\SvcRestartTaskLogon","Microsoft Corporation",,"Group","Disabled",,"{'ClassId':'{B1AEBB5D-EAD9-4476-B375-9C3ED9F32AFC}','Data':'logon'}","{'Enabled':true,'Repetition':{'StopAtDurationEnd':false}}","10/2/2023 8:29:29 AM","0",,"0",
"DC-SRV01","\Microsoft\Windows\SoftwareProtectionPlatform\SvcRestartTaskNetwork","Microsoft Corporation",,"Local Service/System or Network Service","Disabled","NETWORK SERVICE","{'ClassId':'{B1AEBB5D-EAD9-4476-B375-9C3ED9F32AFC}','Data':'network'}","{'Enabled':true,'Repetition':{'StopAtDurationEnd':false},'Subscription':'\u003cQueryList\u003e\u003cQuery Id=\'0\' Path=\'Microsoft-Windows-NetworkProfile/Operational\'\u003e\u003cSelect Path=\'Microsoft-Windows-NetworkProfile/Operational\'\u003e*[System[EventID=10000]]\u003c/Select\u003e\u003c/Query\u003e\u003c/QueryList\u003e'}","11/30/1999 12:00:00 AM","267011",,"0",
"DC-SRV01","\Microsoft\Windows\SpacePort\SpaceAgentTask","Microsoft Corporation",,"Local Service/System or Network Service","Enabled","SYSTEM","{'Execute':'%windir%\\system32\\SpaceAgent.exe'}","[{'Delay':'PT2M','Enabled':false,'Repetition':{'StopAtDurationEnd':false}},{'Enabled':true,'Repetition':{'StopAtDurationEnd':false}}]","11/30/1999 12:00:00 AM","267011",,"0",
"DC-SRV01","\Microsoft\Windows\SpacePort\SpaceManagerTask","$(@%SystemRoot%\system32\spaceman.exe,-2)",,"Local Service/System or Network Service","Enabled","SYSTEM","{'Arguments':'/Work','Execute':'%windir%\\system32\\spaceman.exe'}","[{'Delay':'PT2M','Enabled':false,'Repetition':{'StopAtDurationEnd':false}},{'Enabled':true,'Repetition':{'StopAtDurationEnd':false}}]","11/30/1999 12:00:00 AM","267011",,"0",
"DC-SRV01","\Microsoft\Windows\Speech\SpeechModelDownloadTask",,,"Local Service/System or Network Service","Enabled","NETWORK SERVICE","{'Execute':'%windir%\\system32\\speech_onecore\\common\\SpeechModelDownload.exe'}","{'Enabled':true,'RandomDelay':'PT4H','Repetition':{'Interval':'P1D','StopAtDurationEnd':false},'StartBoundary':'2004-01-01T00:00:00'}","11/15/2024 2:29:29 AM","0","11/16/2024 1:00:00 AM","0",
"DC-SRV01","\Microsoft\Windows\StateRepository\MaintenanceTasks","$(@%SystemRoot%\system32\Windows.StateRepositoryClient.dll,-600)",,"Local Service/System or Network Service","Enabled","SYSTEM","{'Arguments':'%windir%\\system32\\Windows.StateRepositoryClient.dll,StateRepositoryDoMaintenanceTasks','Execute':'%windir%\\system32\\rundll32.exe'}","[]","11/15/2024 2:29:29 AM","0",,"0",
"DC-SRV01","\Microsoft\Windows\Storage Tiers Management\Storage Tiers Management Initialization","Microsoft Corporation",,"Local Service/System or Network Service","Enabled","SYSTEM","{'ClassId':'{5C9AB547-345D-4175-9AF6-65133463A100}'}","{'Enabled':true,'Id':'TieredVolumeEvent','Repetition':{'StopAtDurationEnd':false}}","11/30/1999 12:00:00 AM","267011",,"0",
"DC-SRV01","\Microsoft\Windows\Storage Tiers Management\Storage Tiers Optimization","Microsoft Corporation",,"Local Service/System or Network Service","Disabled","SYSTEM","{'Arguments':'-c -h -g -# -m 8 -i 13500','Execute':'%windir%\\system32\\defrag.exe'}","{'Enabled':true,'Repetition':{'Interval':'PT4H','StopAtDurationEnd':false},'StartBoundary':'2013-01-01T01:00:00'}","11/30/1999 12:00:00 AM","267011","11/15/2024 5:00:00 AM","0",
"DC-SRV01","\Microsoft\Windows\Task Manager\Interactive","Microsoft Corporation",,"Group","Enabled",,"{'ClassId':'{855FEC53-D2E4-4999-9E87-3414E9CF0FF4}','Data':'$(Arg0)'}","[]","10/15/2024 2:13:13 PM","0",,"0",
"DC-SRV01","\Microsoft\Windows\TextServicesFramework\MsCtfMonitor",,,"Group","Enabled",,"{'ClassId':'{01575CFE-9A55-4003-A5E1-F38D1EBDCBE1}'}","{'Enabled':true,'Repetition':{'StopAtDurationEnd':false}}","11/11/2024 11:45:45 AM","0",,"0",
"DC-SRV01","\Microsoft\Windows\Time Synchronization\ForceSynchronizeTime","Microsoft Corporation",,"Local Service/System or Network Service","Enabled","LOCAL SERVICE","{'ClassId':'{A31AD6C2-FF4C-43D4-8E90-7101023096F9}','Data':'TimeSyncTask'}","[{'Enabled':true,'Repetition':{'StopAtDurationEnd':false}},{'Enabled':true,'Repetition':{'StopAtDurationEnd':false}}]","11/11/2024 11:44:44 AM","0",,"0",
"DC-SRV01","\Microsoft\Windows\Time Synchronization\SynchronizeTime","Microsoft Corporation",,"Local Service/System or Network Service","Enabled","LOCAL SERVICE","{'Arguments':'start w32time task_started','Execute':'%windir%\\system32\\sc.exe'}","[]","11/15/2024 2:29:29 AM","1056",,"0",
"DC-SRV01","\Microsoft\Windows\Time Zone\SynchronizeTimeZone","Microsoft Corporation","2013-01-10T16:32:04.2837388","Local Service/System or Network Service","Enabled","SYSTEM","{'Execute':'%windir%\\system32\\tzsync.exe'}","[]","11/15/2024 2:29:29 AM","0",,"0",
"DC-SRV01","\Microsoft\Windows\TPM\Tpm-HASCertRetr","Microsoft Corporation","2015-02-16T17:49:20.8844064","Local Service/System or Network Service","Enabled","SYSTEM","{'ClassId':'{5014B7C8-934E-4262-9816-887FA745A6C4}','Data':'HASCertRetr'}","{'Enabled':true,'Repetition':{'StopAtDurationEnd':false}}","11/30/1999 12:00:00 AM","267011",,"0",
"DC-SRV01","\Microsoft\Windows\TPM\Tpm-Maintenance","Microsoft Corporation","2010-06-10T17:49:20.8844064","Local Service/System or Network Service","Enabled","SYSTEM","{'ClassId':'{5014B7C8-934E-4262-9816-887FA745A6C4}','Data':'TpmTasks'}","[{'Enabled':true,'Repetition':{'StopAtDurationEnd':false}},{'Enabled':true,'Repetition':{'StopAtDurationEnd':false}},{'Enabled':true,'Repetition':{'StopAtDurationEnd':false}},{'Enabled':true,'Repetition':{'StopAtDurationEnd':false}}]","10/2/2023 8:46:46 AM","2147946719",,"0",
"DC-SRV01","\Microsoft\Windows\UpdateOrchestrator\MusUx_UpdateInterval",,,"Local Service/System or Network Service","Enabled","SYSTEM","{'Arguments':'LogonDisplay','Execute':'%systemroot%\\system32\\MusNotification.exe'}","{'Delay':'PT35S','Enabled':true,'Repetition':{'StopAtDurationEnd':false}}","11/11/2024 11:45:45 AM","0",,"0",
"DC-SRV01","\Microsoft\Windows\UpdateOrchestrator\Reboot_AC",,,"Local Service/System or Network Service","Disabled","SYSTEM","{'Arguments':'Display','Execute':'%systemroot%\\system32\\MusNotification.exe'}","{'Enabled':true,'Repetition':{'StopAtDurationEnd':false},'StartBoundary':'2024-11-12T14:45:57-08:00'}","11/6/2024 11:35:35 AM","0",,"1",
"DC-SRV01","\Microsoft\Windows\UpdateOrchestrator\Report policies","Microsoft Corporation",,"Local Service/System or Network Service","Enabled","SYSTEM","{'Arguments':'ReportPolicies','Execute':'%systemroot%\\system32\\usoclient.exe'}","[{'Enabled':true,'Repetition':{'StopAtDurationEnd':false}},{'Enabled':true,'Repetition':{'StopAtDurationEnd':false}}]","11/15/2024 2:29:29 AM","0",,"0",
"DC-SRV01","\Microsoft\Windows\UpdateOrchestrator\Schedule Maintenance Work",,,"Local Service/System or Network Service","Disabled","SYSTEM","{'Arguments':'StartMaintenanceWork','Execute':'%systemroot%\\system32\\usoclient.exe'}","[]","11/30/1999 12:00:00 AM","267011",,"0",
"DC-SRV01","\Microsoft\Windows\UpdateOrchestrator\Schedule Scan",,,"Local Service/System or Network Service","Enabled","SYSTEM","{'Arguments':'StartScan','Execute':'%systemroot%\\system32\\usoclient.exe'}","{'Enabled':true,'RandomDelay':'PT1H45M','Repetition':{'Interval':'PT7H','StopAtDurationEnd':false},'StartBoundary':'2019-01-01T12:00:00'}","11/15/2024 2:29:29 AM","0","11/15/2024 3:40:40 AM","0",
"DC-SRV01","\Microsoft\Windows\UpdateOrchestrator\Schedule Scan Static Task","Microsoft Corporation",,"Local Service/System or Network Service","Enabled","SYSTEM","{'Arguments':'StartScan','Execute':'%systemroot%\\system32\\usoclient.exe'}","[{'Enabled':true,'Repetition':{'StopAtDurationEnd':false}},{'Enabled':true,'Repetition':{'StopAtDurationEnd':false}},{'Enabled':true,'Repetition':{'StopAtDurationEnd':false}},{'Enabled':true,'Repetition':{'StopAtDurationEnd':false}},{'Enabled':true,'Repetition':{'StopAtDurationEnd':false},'Subscription':'\u003cQueryList\u003e\u003cQuery Id=\'0\' Path=\'System\'\u003e\u003cSelect Path=\'System\'\u003e*[System[EventID=8202]]\u003c/Select\u003e\u003c/Query\u003e\u003c/QueryList\u003e'}]","11/11/2024 1:49:49 PM","0",,"0",
"DC-SRV01","\Microsoft\Windows\UpdateOrchestrator\Schedule Wake To Work",,,"Local Service/System or Network Service","Disabled","SYSTEM","{'Arguments':'StartWork','Execute':'%systemroot%\\system32\\usoclient.exe'}","[]","11/30/1999 12:00:00 AM","267011",,"0",
"DC-SRV01","\Microsoft\Windows\UpdateOrchestrator\Schedule Work",,,"Local Service/System or Network Service","Disabled","SYSTEM","{'Arguments':'StartWork','Execute':'%systemroot%\\system32\\usoclient.exe'}","{'Enabled':true,'Repetition':{'StopAtDurationEnd':false},'StartBoundary':'2023-10-06T23:17:30-08:00'}","10/17/2023 6:44:44 AM","0",,"0",
"DC-SRV01","\Microsoft\Windows\UpdateOrchestrator\USO_UxBroker","Microsoft Corporation",,"Local Service/System or Network Service","Enabled","SYSTEM","{'Execute':'%systemroot%\\system32\\MusNotification.exe'}","[{'Enabled':true,'Repetition':{'StopAtDurationEnd':false}},{'DaysInterval':1,'Enabled':true,'RandomDelay':'P1D','Repetition':{'StopAtDurationEnd':false},'StartBoundary':'2000-01-01T03:00:00'}]","11/15/2024 2:29:29 AM","0","11/15/2024 1:37:37 PM","0",
"DC-SRV01","\Microsoft\Windows\UpdateOrchestrator\UUS Failover Task","$(@%systemRoot%\system32\update\uusbrain.dll,-101)",,"Local Service/System or Network Service","Enabled","SYSTEM","{'Execute':'%systemroot%\\system32\\failover.exe'}","{'Enabled':true,'Repetition':{'StopAtDurationEnd':false}}","11/30/1999 12:00:00 AM","267011",,"0",
"DC-SRV01","\Microsoft\Windows\UPnP\UPnPHostConfig","Microsoft",,"Local Service/System or Network Service","Disabled","SYSTEM","{'Arguments':'config upnphost start= auto','Execute':'sc.exe'}","[]","11/30/1999 12:00:00 AM","267011",,"0",
"DC-SRV01","\Microsoft\Windows\User Profile Service\HiveUploadTask","Microsoft Corporation",,"Local Service/System or Network Service","Disabled","SYSTEM","{'ClassId':'{BA677074-762C-444B-94C8-8C83F93F6605}'}","{'Enabled':true,'RandomDelay':'PT1H','Repetition':{'Interval':'PT12H','StopAtDurationEnd':false},'StartBoundary':'2007-08-28T00:00:00'}","11/30/1999 12:00:00 AM","267011","11/15/2024 12:13:13 PM","0",
"DC-SRV01","\Microsoft\Windows\WaaSMedic\PerformRemediation","Microsoft Corporation",,"Local Service/System or Network Service","Disabled","SYSTEM","{'ClassId':'{72566E27-1ABB-4EB3-B4F0-EB431CB1CB32}','Data':'None'}","{'Enabled':true,'RandomDelay':'PT4H','Repetition':{'Interval':'P7D','StopAtDurationEnd':false},'StartBoundary':'2000-10-15T03:00:00'}","11/30/1999 12:00:00 AM","267011","11/17/2024 6:18:18 AM","0",
"DC-SRV01","\Microsoft\Windows\WDI\ResolutionHost","Microsoft Corporation",,"Group","Enabled",,"{'ClassId':'{900BE39D-6BE8-461A-BC4D-B0FA71F5ECB1}'}","[]","11/11/2024 11:55:55 AM","267009",,"0",
"DC-SRV01","\Microsoft\Windows\Windows Error Reporting\QueueReporting","Microsoft Corporation",,"Local Service/System or Network Service","Enabled","SYSTEM","{'Arguments':'-upload','Execute':'%windir%\\system32\\wermgr.exe'}","[{'Delay':'PT3M','Enabled':true,'Id':'QueueReportingBootTrigger','Repetition':{'StopAtDurationEnd':false}},{'Enabled':true,'Id':'QueueReportingWnfTrigger','Repetition':{'StopAtDurationEnd':false}},{'Enabled':true,'Id':'QueueReportingFreeNetworkTrigger','Repetition':{'StopAtDurationEnd':false}},{'Enabled':true,'Id':'QueueReportingACPowerTrigger','Repetition':{'StopAtDurationEnd':false}},{'Enabled':true,'Id':'QueueReportingTimeTrigger','RandomDelay':'PT1H','Repetition':{'Interval':'PT4H','StopAtDurationEnd':false},'StartBoundary':'2014-12-31T16:00:00-08:00'}]","11/15/2024 2:29:29 AM","0","11/15/2024 4:37:37 AM","0",
"DC-SRV01","\Microsoft\Windows\Windows Filtering Platform\BfeOnServiceStartTypeChange","Microsoft Corporation",,"Local Service/System or Network Service","Enabled","SYSTEM","{'Arguments':'bfe.dll,BfeOnServiceStartTypeChange','Execute':'%windir%\\system32\\rundll32.exe'}","{'Enabled':true,'Id':'06688f40-e0af-4efa-8a89-2617bd993d71','Repetition':{'StopAtDurationEnd':false},'Subscription':'\u003cQueryList\u003e\u003cQuery Id=\'0\' Path=\'System\'\u003e\u003cSelect Path=\'System\'\u003e*/System/Provider[@Name=\u0027Service Control Manager\u0027] and */System/EventID=\u00277040\u0027 and */EventData/Data[@Name=\u0027param4\u0027]=\u0027BFE\u0027\u003c/Select\u003e\u003c/Query\u003e\u003c/QueryList\u003e'}","11/30/1999 12:00:00 AM","267011",,"0",
"DC-SRV01","\Microsoft\Windows\Windows Media Sharing\UpdateLibrary","Microsoft Corporation",,"Group","Enabled",,"{'Execute':'\'%ProgramFiles%\\Windows Media Player\\wmpnscfg.exe\''}","{'Enabled':true,'Repetition':{'StopAtDurationEnd':false},'Subscription':'\u003cQueryList\u003e\n              \u003cQuery\n                  Id=\'0\'\n                  Path=\'System\'\n                  \u003e\n                \u003cSelect Path=\'System\'\u003e*[System[Provider[@Name=\u0027Microsoft-Windows-WMPNSS-Service\u0027] and (EventID=14210)]]\u003c/Select\u003e\n              \u003c/Query\u003e\n            \u003c/QueryList\u003e'}","11/30/1999 12:00:00 AM","267011",,"0",
"DC-SRV01","\Microsoft\Windows\WindowsColorSystem\Calibration Loader","Microsoft Corporation",,"Group","Enabled",,"{'ClassId':'{B210D694-C8DF-490D-9576-9E20CDBC20BD}'}","[{'Enabled':true,'Id':'C3B270C8-8291-4326-92F6-2FF65DE39010','Repetition':{'StopAtDurationEnd':false}},{'Enabled':true,'Id':'79B8DA54-F688-4a18-B2D4-7AA891A193E8','Repetition':{'StopAtDurationEnd':false},'StateChange':1}]","11/11/2024 11:45:45 AM","0",,"0",
"DC-SRV01","\Microsoft\Windows\WindowsUpdate\Scheduled Start","Microsoft Corporation.",,"Local Service/System or Network Service","Enabled","SYSTEM","{'Arguments':'start wuauserv','Execute':'C:\\Windows\\system32\\sc.exe'}","[{'Enabled':true,'RandomDelay':'PT1M','Repetition':{'StopAtDurationEnd':false},'StartBoundary':'2024-11-12T01:17:06-08:00'},{'Enabled':false,'Repetition':{'StopAtDurationEnd':false},'StateChange':2},{'Enabled':false,'Repetition':{'StopAtDurationEnd':false},'StateChange':4},{'Enabled':false,'Repetition':{'StopAtDurationEnd':false}}]","11/15/2024 2:29:29 AM","0",,"0",
"DC-SRV01","\Microsoft\Windows\Wininet\CacheTask","Microsoft",,"Group","Enabled",,"{'ClassId':'{0358B920-0AC7-461F-98F4-58E32CD89148}'}","{'Enabled':true,'Repetition':{'StopAtDurationEnd':false}}","11/11/2024 11:45:45 AM","267009",,"0",
"DC-SRV01","\Microsoft\Windows\Workplace Join\Automatic-Device-Join",,,"Local Service/System or Network Service","Enabled","SYSTEM","{'Arguments':'$(Arg0) $(Arg1) $(Arg2)','Execute':'%SystemRoot%\\System32\\dsregcmd.exe'}","[{'Delay':'PT1M','Enabled':true,'Repetition':{'StopAtDurationEnd':false}},{'Enabled':true,'Repetition':{'Duration':'P1D','Interval':'PT1H','StopAtDurationEnd':false},'Subscription':'\u003cQueryList\u003e\u003cQuery Id=\'0\' Path=\'Microsoft-Windows-User Device Registration/Admin\'\u003e\u003cSelect Path=\'Microsoft-Windows-User Device Registration/Admin\'\u003e*[System[Provider[@Name=\u0027Microsoft-Windows-User Device Registration\u0027] and EventID=4096]]\u003c/Select\u003e\u003c/Query\u003e\u003c/QueryList\u003e'}]","11/15/2024 2:29:29 AM","1",,"0",
"DC-SRV01","\Microsoft\Windows\Workplace Join\Device-Sync","Microsoft Corporation",,"Local Service/System or Network Service","Disabled","SYSTEM","{'ClassId':'{C662D912-E4D6-44A3-89A0-20550514951D}','Data':'DeviceUpdate'}","{'Enabled':true,'Id':'DeviceUpdate','Repetition':{'StopAtDurationEnd':false}}","11/30/1999 12:00:00 AM","267011",,"0",
"DC-SRV01","\Microsoft\Windows\Workplace Join\Recovery-Check",,,"Group","Disabled",,"{'Arguments':'/checkrecovery','Execute':'%SystemRoot%\\System32\\dsregcmd.exe'}","[{'Enabled':true,'Repetition':{'StopAtDurationEnd':false}},{'Enabled':true,'Repetition':{'StopAtDurationEnd':false},'StateChange':7}]","11/30/1999 12:00:00 AM","267011",,"0",
"DC-SRV01","\Microsoft\Windows\WwanSvc\OobeDiscovery",,,"Local Service/System or Network Service","Enabled","SYSTEM","{'ClassId':'{C93CF9D5-031B-4AAA-AB0B-EF802347B381}'}","[{'Enabled':true,'Repetition':{'StopAtDurationEnd':false}},{'Enabled':true,'Repetition':{'StopAtDurationEnd':false}},{'Enabled':true,'Repetition':{'StopAtDurationEnd':false}}]","10/23/2024 6:44:44 AM","0",,"0",
